,日期,股票代码,开盘价,收盘价,最高价,最低价,成交量,成交金额,振幅,涨跌幅,涨跌额,换手率
0,2020-09-29,605018SH,11.66,14.0,14.0,11.66,6033,8438336.0,24.07,44.03,4.28,1.45
1,2020-09-30,605018SH,15.4,15.4,15.4,12.72,228998,327423888.0,19.14,10.0,1.4,54.94
2,2020-10-09,605018SH,15.4,16.94,16.94,14.6,154042,246003711.0,15.19,10.0,1.54,36.96
3,2020-10-12,605018SH,18.63,18.63,18.63,18.63,12305,22923973.0,0.0,9.98,1.69,2.95
4,2020-10-13,605018SH,20.1,20.49,20.49,19.88,61711,124217751.0,3.27,9.98,1.86,14.81
5,2020-10-14,605018SH,21.51,22.54,22.54,21.5,240697,536401680.0,5.08,10.0,2.05,57.75
6,2020-10-15,605018SH,23.65,20.3,24.67,20.29,258623,550704848.0,19.43,-9.94,-2.24,62.05
7,2020-10-16,605018SH,19.0,18.27,19.2,18.27,155863,289635872.0,4.58,-10.0,-2.03,37.4
8,2020-10-19,605018SH,17.95,18.43,18.5,17.21,160700,284375264.0,7.06,0.88,0.16,38.56
9,2020-10-20,605018SH,17.88,18.61,18.9,17.5,144236,262402744.0,7.6,0.98,0.18,34.61
10,2020-10-21,605018SH,18.06,17.45,18.26,17.45,106379,189579590.0,4.35,-6.23,-1.16,25.52
11,2020-10-22,605018SH,17.06,17.41,18.0,16.88,74124,129700061.0,6.42,-0.23,-0.04,17.78
12,2020-10-23,605018SH,17.19,16.56,17.6,16.46,75365,127520476.0,6.55,-4.88,-0.85,18.08
13,2020-10-26,605018SH,16.56,16.79,16.83,16.08,54321,89701375.0,4.53,1.39,0.23,13.03
14,2020-10-27,605018SH,16.65,16.88,17.03,16.52,54085,90766298.0,3.04,0.54,0.09,12.98
15,2020-10-28,605018SH,16.75,16.79,17.03,16.7,41043,69133652.0,1.95,-0.53,-0.09,9.85
16,2020-10-29,605018SH,16.25,16.1,16.58,16.01,48728,79233506.0,3.39,-4.11,-0.69,11.69
17,2020-10-30,605018SH,16.09,15.01,16.1,14.95,61471,95484000.0,7.14,-6.77,-1.09,14.75
18,2020-11-02,605018SH,15.14,15.05,15.31,14.86,34494,51969587.0,3.0,0.27,0.04,8.28
19,2020-11-03,605018SH,15.03,15.74,16.22,15.03,56660,88715852.0,7.91,4.58,0.69,13.59
20,2020-11-04,605018SH,15.99,15.58,16.1,15.45,37315,58735855.0,4.13,-1.02,-0.16,8.95
21,2020-11-05,605018SH,15.85,16.59,17.03,15.6,91251,150329444.0,9.18,6.48,1.01,21.89
22,2020-11-06,605018SH,16.66,16.03,16.78,15.87,60715,98152870.0,5.49,-3.38,-0.56,14.57
23,2020-11-09,605018SH,15.96,16.81,16.86,15.96,61699,100930461.0,5.61,4.87,0.78,14.8
24,2020-11-10,605018SH,16.6,16.36,16.8,16.08,49802,81855763.0,4.28,-2.68,-0.45,11.95
25,2020-11-11,605018SH,16.19,17.45,18.0,16.13,115832,198055770.0,11.43,6.66,1.09,27.79
26,2020-11-12,605018SH,17.4,16.98,17.43,16.58,71159,120353223.0,4.87,-2.69,-0.47,17.07
27,2020-11-13,605018SH,16.97,16.78,17.25,16.66,46925,79574627.0,3.47,-1.18,-0.2,11.26
28,2020-11-16,605018SH,16.6,16.2,16.68,16.1,59061,96139771.0,3.46,-3.46,-0.58,14.17
29,2020-11-17,605018SH,16.11,17.14,17.61,16.09,107838,183954566.0,9.38,5.8,0.94,25.87
30,2020-11-18,605018SH,16.77,17.54,17.54,16.1,86136,147771039.0,8.4,2.33,0.4,20.67
31,2020-11-19,605018SH,18.15,17.38,18.78,17.32,106254,190168563.0,8.32,-0.91,-0.16,25.49
32,2020-11-20,605018SH,16.96,17.15,17.7,16.96,64849,112449047.0,4.26,-1.32,-0.23,15.56
33,2020-11-23,605018SH,17.29,16.8,17.45,16.6,51221,86092852.0,4.96,-2.04,-0.35,12.29
34,2020-11-24,605018SH,16.8,16.58,17.02,16.5,38700,64584432.0,3.1,-1.31,-0.22,9.29
35,2020-11-25,605018SH,16.58,16.21,16.78,16.1,40051,65906728.0,4.1,-2.23,-0.37,9.61
36,2020-11-26,605018SH,16.22,16.75,16.84,16.01,47615,78200142.0,5.12,3.33,0.54,11.42
37,2020-11-27,605018SH,16.58,16.7,16.92,16.5,37301,62316266.0,2.51,-0.3,-0.05,8.95
38,2020-11-30,605018SH,16.65,16.21,16.67,16.21,38262,62537454.0,2.75,-2.93,-0.49,9.18
39,2020-12-01,605018SH,16.2,16.25,16.39,16.11,26626,43279601.0,1.73,0.25,0.04,6.39
40,2020-12-02,605018SH,16.28,16.7,16.89,16.12,52477,86656174.0,4.74,2.77,0.45,12.59
41,2020-12-03,605018SH,16.56,16.31,16.59,16.25,33010,53996992.0,2.04,-2.34,-0.39,7.92
42,2020-12-04,605018SH,16.31,16.24,16.43,16.2,21360,34819596.0,1.41,-0.43,-0.07,5.12
43,2020-12-07,605018SH,16.31,16.18,16.5,16.16,20166,32869004.0,2.09,-0.37,-0.06,4.84
44,2020-12-08,605018SH,16.18,15.63,16.24,15.6,38352,60909545.0,3.96,-3.4,-0.55,9.2
45,2020-12-09,605018SH,15.63,15.07,15.73,15.02,29444,45009174.0,4.54,-3.58,-0.56,7.06
46,2020-12-10,605018SH,15.01,15.07,15.25,14.98,14739,22264953.0,1.79,0.0,0.0,3.54
47,2020-12-11,605018SH,15.15,14.58,15.23,14.44,23558,34881977.0,5.24,-3.25,-0.49,5.65
48,2020-12-14,605018SH,14.58,14.66,14.78,14.3,20309,29507506.0,3.29,0.55,0.08,4.87
49,2020-12-15,605018SH,14.58,14.7,14.95,14.55,16709,24636174.0,2.73,0.27,0.04,4.01
50,2020-12-16,605018SH,14.69,14.93,15.09,13.5,30192,44513110.0,10.82,1.56,0.23,7.24
51,2020-12-17,605018SH,14.74,14.8,14.89,14.63,18245,26930177.0,1.74,-0.87,-0.13,4.38
52,2020-12-18,605018SH,14.8,14.38,14.8,14.32,19410,28182188.0,3.24,-2.84,-0.42,4.66
53,2020-12-21,605018SH,14.25,14.66,14.79,14.25,23288,33921435.0,3.76,1.95,0.28,5.59
54,2020-12-22,605018SH,14.54,14.21,14.74,14.17,20378,29463408.0,3.89,-3.07,-0.45,4.89
55,2020-12-23,605018SH,14.21,13.65,14.5,13.64,29815,41432471.0,6.05,-3.94,-0.56,7.15
56,2020-12-24,605018SH,13.63,12.95,13.63,12.85,42367,55798608.0,5.71,-5.13,-0.7,10.16
57,2020-12-25,605018SH,12.99,13.06,13.27,12.83,19239,25147430.0,3.4,0.85,0.11,4.62
58,2020-12-28,605018SH,13.08,12.5,13.16,12.0,35064,44429813.0,8.88,-4.29,-0.56,8.41
59,2020-12-29,605018SH,12.5,12.41,12.65,12.31,20785,25945478.0,2.72,-0.72,-0.09,4.99
60,2020-12-30,605018SH,12.34,12.3,12.55,12.29,19541,24202379.0,2.1,-0.89,-0.11,4.69
61,2020-12-31,605018SH,12.31,12.4,12.72,12.31,26388,33000661.0,3.33,0.81,0.1,6.33
62,2021-01-04,605018SH,12.43,12.8,12.95,12.42,27420,34807334.0,4.27,3.23,0.4,6.58
63,2021-01-05,605018SH,12.79,12.75,12.86,12.65,19564,24906300.0,1.64,-0.39,-0.05,4.69
64,2021-01-06,605018SH,12.75,12.64,12.84,12.38,21907,27499893.0,3.61,-0.86,-0.11,5.26
65,2021-01-07,605018SH,12.6,12.54,12.66,12.4,23422,29333464.0,2.06,-0.79,-0.1,5.62
66,2021-01-08,605018SH,12.58,12.88,13.28,12.2,58178,75154985.0,8.61,2.71,0.34,13.96
67,2021-01-11,605018SH,12.8,13.84,13.85,12.8,76626,102384631.0,8.15,7.45,0.96,18.38
68,2021-01-12,605018SH,13.84,13.27,13.97,13.1,60497,81365524.0,6.29,-4.12,-0.57,14.51
69,2021-01-13,605018SH,13.06,12.29,13.15,12.26,53305,66870805.0,6.71,-7.39,-0.98,12.79
70,2021-01-14,605018SH,12.1,11.77,12.1,11.51,35350,41541869.0,4.8,-4.23,-0.52,8.48
71,2021-01-15,605018SH,11.73,12.19,12.54,11.73,30211,36740838.0,6.88,3.57,0.42,7.25
72,2021-01-18,605018SH,12.06,12.21,12.45,12.06,22822,27965997.0,3.2,0.16,0.02,5.48
73,2021-01-19,605018SH,12.16,12.6,12.95,12.1,33078,41650059.0,6.96,3.19,0.39,7.94
74,2021-01-20,605018SH,13.08,13.86,13.86,12.98,28426,38975469.0,6.98,10.0,1.26,6.82
75,2021-01-21,605018SH,15.25,15.25,15.25,15.25,14537,22168986.0,0.0,10.03,1.39,3.49
76,2021-01-22,605018SH,16.78,16.78,16.78,16.18,140579,235217988.0,3.93,10.03,1.53,33.73
77,2021-01-25,605018SH,18.01,18.46,18.46,17.39,67684,122680646.0,6.38,10.01,1.68,16.24
78,2021-01-26,605018SH,20.31,20.31,20.31,18.8,186674,375836096.0,8.18,10.02,1.85,44.79
79,2021-01-27,605018SH,20.25,22.34,22.34,20.25,156655,336805168.0,10.29,10.0,2.03,37.59
80,2021-01-28,605018SH,22.5,20.11,24.24,20.11,265130,581474272.0,18.49,-9.98,-2.23,63.61
81,2021-01-29,605018SH,18.1,18.1,18.1,18.1,14483,26214230.0,0.0,-10.0,-2.01,3.47
82,2021-02-01,605018SH,16.96,16.29,18.1,16.29,272497,457762928.0,10.0,-10.0,-1.81,65.38
83,2021-02-02,605018SH,15.88,16.0,16.59,15.39,201931,321623648.0,7.37,-1.78,-0.29,48.45
84,2021-02-03,605018SH,15.64,16.4,17.6,15.07,238185,388686416.0,15.81,2.5,0.4,57.15
85,2021-02-04,605018SH,16.1,17.15,17.3,14.9,218245,351837328.0,14.63,4.57,0.75,52.36
86,2021-02-05,605018SH,16.59,15.44,16.81,15.44,157860,253838142.0,7.99,-9.97,-1.71,37.87
87,2021-02-08,605018SH,15.0,16.98,16.98,14.96,226648,376325840.0,13.08,9.97,1.54,54.38
88,2021-02-09,605018SH,16.73,18.68,18.68,16.1,222957,390209024.0,15.19,10.01,1.7,53.49
89,2021-02-10,605018SH,19.0,16.81,19.54,16.81,111288,195331916.0,14.61,-10.01,-1.87,26.7
90,2021-02-18,605018SH,16.32,15.67,16.47,15.13,227950,352096176.0,7.97,-6.78,-1.14,54.69
91,2021-02-19,605018SH,15.0,14.99,15.12,14.61,151401,225372175.0,3.25,-4.34,-0.68,36.32
92,2021-02-22,605018SH,15.0,15.26,15.37,14.81,137542,207892824.0,3.74,1.8,0.27,33.0
93,2021-02-23,605018SH,15.12,14.44,15.12,14.28,106535,154485061.0,5.5,-5.37,-0.82,25.56
94,2021-02-24,605018SH,14.39,14.16,14.56,14.11,69156,98751538.0,3.12,-1.94,-0.28,16.59
95,2021-02-25,605018SH,14.21,14.05,14.35,14.03,53113,75141707.0,2.26,-0.78,-0.11,12.74
96,2021-02-26,605018SH,13.86,14.09,14.14,13.7,49573,69204914.0,3.13,0.28,0.04,11.89
97,2021-03-01,605018SH,14.11,14.34,14.34,14.0,53816,76266630.0,2.41,1.77,0.25,12.91
98,2021-03-02,605018SH,14.34,14.0,14.35,13.9,47240,66396058.0,3.14,-2.37,-0.34,11.33
99,2021-03-03,605018SH,13.92,14.19,14.26,13.92,38801,54742155.0,2.43,1.36,0.19,9.31
100,2021-03-04,605018SH,14.14,13.86,14.14,13.77,45022,62544428.0,2.61,-2.33,-0.33,10.8
101,2021-03-05,605018SH,13.77,14.28,14.47,13.74,72498,103332318.0,5.27,3.03,0.42,17.39
102,2021-03-08,605018SH,14.33,14.28,14.58,14.16,89295,128729354.0,2.94,0.0,0.0,21.42
103,2021-03-09,605018SH,14.03,13.26,14.47,13.15,76282,103441601.0,9.24,-7.14,-1.02,18.3
104,2021-03-10,605018SH,13.31,13.41,13.58,13.09,42956,57371294.0,3.7,1.13,0.15,10.31
105,2021-03-11,605018SH,13.5,13.56,13.72,13.26,38495,52019110.0,3.43,1.12,0.15,9.24
106,2021-03-12,605018SH,13.52,13.37,13.58,13.33,36016,48282980.0,1.84,-1.4,-0.19,8.64
107,2021-03-15,605018SH,13.3,13.33,13.46,13.2,24251,32332294.0,1.94,-0.3,-0.04,5.82
108,2021-03-16,605018SH,13.31,13.49,13.55,13.3,34785,46698168.0,1.88,1.2,0.16,8.35
109,2021-03-17,605018SH,13.55,13.97,14.08,13.48,68186,94395006.0,4.45,3.56,0.48,16.36
110,2021-03-18,605018SH,14.11,13.9,14.17,13.71,48408,67056769.0,3.29,-0.5,-0.07,11.61
111,2021-03-19,605018SH,13.68,14.42,14.95,13.66,121096,174163834.0,9.28,3.74,0.52,29.05
112,2021-03-22,605018SH,14.5,15.06,15.13,14.25,130905,192874627.0,6.1,4.44,0.64,31.41
113,2021-03-23,605018SH,14.8,14.22,14.95,14.04,92780,133830804.0,6.04,-5.58,-0.84,22.26
114,2021-03-24,605018SH,14.01,14.44,14.66,14.0,61443,87963935.0,4.64,1.55,0.22,14.74
115,2021-03-25,605018SH,14.32,14.35,14.51,14.08,41348,59126062.0,2.98,-0.62,-0.09,9.92
116,2021-03-26,605018SH,14.34,14.43,14.65,14.2,56829,81966853.0,3.14,0.56,0.08,13.63
117,2021-03-29,605018SH,14.39,14.96,15.0,13.8,101191,146268643.0,8.32,3.67,0.53,24.28
118,2021-03-30,605018SH,14.71,14.88,15.23,14.65,88315,131751326.0,3.88,-0.53,-0.08,21.19
119,2021-03-31,605018SH,14.75,16.37,16.37,14.65,135755,210164745.0,11.56,10.01,1.49,32.57
120,2021-04-01,605018SH,16.57,15.55,17.07,15.53,175799,283265008.0,9.41,-5.01,-0.82,42.18
121,2021-04-02,605018SH,15.53,15.31,15.77,14.9,105558,161173729.0,5.59,-1.54,-0.24,25.33
122,2021-04-06,605018SH,15.12,16.03,16.15,15.12,109878,173008361.0,6.73,4.7,0.72,26.36
123,2021-04-07,605018SH,15.79,16.19,16.22,15.51,107105,170540480.0,4.43,1.0,0.16,25.7
124,2021-04-08,605018SH,16.0,15.73,16.34,15.63,85744,136533495.0,4.39,-2.84,-0.46,20.57
125,2021-04-09,605018SH,15.7,16.01,16.29,15.54,83371,133296721.0,4.77,1.78,0.28,20.0
126,2021-04-12,605018SH,16.3,16.8,17.61,15.86,146847,244195471.0,10.93,4.93,0.79,35.23
127,2021-04-13,605018SH,16.46,16.5,16.9,15.93,95993,157530117.0,5.77,-1.79,-0.3,23.03
128,2021-04-14,605018SH,16.32,16.32,16.66,16.1,66540,109085838.0,3.39,-1.09,-0.18,15.96
129,2021-04-15,605018SH,16.34,15.69,16.34,15.45,59758,94703960.0,5.45,-3.86,-0.63,14.34
130,2021-04-16,605018SH,15.66,15.77,15.98,15.52,40497,63730334.0,2.93,0.51,0.08,9.72
131,2021-04-19,605018SH,15.8,16.35,16.65,15.69,77647,126414968.0,6.09,3.68,0.58,18.63
132,2021-04-20,605018SH,16.16,15.86,16.44,15.8,60924,98108085.0,3.91,-3.0,-0.49,14.62
133,2021-04-21,605018SH,15.76,14.81,15.76,14.79,75357,114533189.0,6.12,-6.62,-1.05,18.08
134,2021-04-22,605018SH,14.82,14.67,15.09,14.52,43794,64458987.0,3.85,-0.95,-0.14,10.51
135,2021-04-23,605018SH,14.66,14.27,14.66,14.2,35570,50880941.0,3.14,-2.73,-0.4,8.53
136,2021-04-26,605018SH,14.15,14.34,14.47,13.9,30145,42876160.0,3.99,0.49,0.07,7.23
137,2021-04-27,605018SH,14.45,14.19,14.48,14.01,20772,29486801.0,3.28,-1.05,-0.15,4.98
138,2021-04-28,605018SH,14.3,14.09,14.32,14.05,17125,24160973.0,1.9,-0.7,-0.1,4.11
139,2021-04-29,605018SH,14.08,14.05,14.24,14.01,16613,23444079.0,1.63,-0.28,-0.04,3.99
140,2021-04-30,605018SH,14.02,13.48,14.09,13.28,36600,49616385.0,5.77,-4.06,-0.57,8.78
141,2021-05-06,605018SH,13.58,13.71,13.75,13.43,16800,22899498.0,2.37,1.71,0.23,4.03
142,2021-05-07,605018SH,13.7,13.48,13.72,13.38,17061,23008433.0,2.48,-1.68,-0.23,4.09
143,2021-05-10,605018SH,13.5,13.59,13.67,13.33,16509,22305499.0,2.52,0.82,0.11,3.96
144,2021-05-11,605018SH,13.56,13.79,13.86,13.45,22344,30682511.0,3.02,1.47,0.2,5.36
145,2021-05-12,605018SH,13.7,13.94,13.96,13.63,22948,31785935.0,2.39,1.09,0.15,5.51
146,2021-05-13,605018SH,13.83,14.09,14.24,13.63,34217,47836546.0,4.38,1.08,0.15,8.21
147,2021-05-14,605018SH,14.0,14.0,14.16,13.92,23866,33476168.0,1.7,-0.64,-0.09,5.73
148,2021-05-17,605018SH,13.98,13.72,13.98,13.6,22100,30340802.0,2.71,-2.0,-0.28,5.3
149,2021-05-18,605018SH,13.76,13.72,13.79,13.58,16670,22757874.0,1.53,0.0,0.0,4.0
150,2021-05-19,605018SH,13.68,13.72,13.78,13.6,15723,21559265.0,1.31,0.0,0.0,3.77
151,2021-05-20,605018SH,13.67,13.68,13.77,13.52,14988,20431347.0,1.82,-0.29,-0.04,3.6
152,2021-05-21,605018SH,13.63,13.86,13.98,13.62,22774,31538369.0,2.63,1.32,0.18,5.46
153,2021-05-24,605018SH,13.87,13.71,14.0,13.66,16102,22201084.0,2.45,-1.08,-0.15,3.86
154,2021-05-25,605018SH,13.7,13.68,13.75,13.52,17903,24386927.0,1.68,-0.22,-0.03,4.3
155,2021-05-26,605018SH,13.69,13.83,13.87,13.65,22700,31278739.0,1.61,1.1,0.15,5.45
156,2021-05-27,605018SH,13.78,13.96,14.09,13.76,23219,32395483.0,2.39,0.94,0.13,5.57
157,2021-05-28,605018SH,13.93,13.8,14.06,13.74,21941,30461484.0,2.29,-1.15,-0.16,5.26
158,2021-05-31,605018SH,13.78,13.97,14.06,13.74,16486,22949137.0,2.32,1.23,0.17,3.96
159,2021-06-01,605018SH,13.82,13.94,14.09,13.82,19707,27546170.0,1.93,-0.21,-0.03,4.73
160,2021-06-02,605018SH,13.87,14.5,14.58,13.87,56116,79735569.0,5.09,4.02,0.56,13.46
161,2021-06-03,605018SH,14.56,14.14,14.56,14.1,41966,59762475.0,3.17,-2.48,-0.36,10.07
162,2021-06-04,605018SH,14.21,14.06,14.21,13.97,21260,29855518.0,1.7,-0.57,-0.08,5.1
163,2021-06-07,605018SH,14.01,14.0,14.11,13.9,17052,23858675.0,1.49,-0.43,-0.06,4.09
164,2021-06-08,605018SH,13.95,14.05,14.1,13.93,16769,23478224.0,1.21,0.36,0.05,4.02
165,2021-06-09,605018SH,14.05,14.16,14.18,13.96,17852,25157066.0,1.57,0.78,0.11,4.28
166,2021-06-10,605018SH,14.07,13.92,14.26,13.88,21128,29621451.0,2.68,-1.69,-0.24,5.07
167,2021-06-11,605018SH,13.97,13.71,13.98,13.7,20242,27958850.0,2.01,-1.51,-0.21,4.86
168,2021-06-15,605018SH,13.66,13.61,13.71,13.5,12677,17243034.0,1.53,-0.73,-0.1,3.04
169,2021-06-16,605018SH,13.61,13.36,13.73,13.3,17981,24273178.0,3.16,-1.84,-0.25,4.31
170,2021-06-17,605018SH,13.35,13.38,13.5,13.31,11268,15084353.0,1.42,0.15,0.02,2.7
171,2021-06-18,605018SH,13.3,13.15,13.3,13.06,14501,19060509.0,1.79,-1.72,-0.23,3.48
172,2021-06-21,605018SH,13.15,13.17,13.3,13.1,14740,19462315.0,1.52,0.15,0.02,3.54
173,2021-06-22,605018SH,13.3,13.24,13.3,13.13,13975,18463012.0,1.29,0.53,0.07,3.35
174,2021-06-23,605018SH,13.28,13.23,13.36,13.21,16525,21901999.0,1.13,-0.08,-0.01,3.96
175,2021-06-24,605018SH,13.18,12.96,13.26,12.94,22311,29096129.0,2.42,-2.04,-0.27,5.35
176,2021-06-25,605018SH,12.96,12.97,13.04,12.77,23397,30192816.0,2.08,0.08,0.01,5.61
177,2021-06-28,605018SH,12.93,13.49,14.0,12.93,59783,80527273.0,8.25,4.01,0.52,14.34
178,2021-06-29,605018SH,13.32,13.2,13.4,13.12,27363,36239495.0,2.08,-2.15,-0.29,6.56
179,2021-06-30,605018SH,13.19,13.21,13.32,13.12,17293,22855467.0,1.52,0.08,0.01,4.15
180,2021-07-01,605018SH,13.2,13.41,13.58,13.14,38848,52120888.0,3.33,1.51,0.2,9.32
181,2021-07-02,605018SH,13.44,13.37,13.54,13.16,18822,25052096.0,2.83,-0.3,-0.04,4.52
182,2021-07-05,605018SH,13.37,13.48,13.6,13.16,20553,27527438.0,3.29,0.82,0.11,4.93
183,2021-07-06,605018SH,13.45,13.43,13.58,13.29,16642,22310882.0,2.15,-0.37,-0.05,3.99
184,2021-07-07,605018SH,13.4,13.58,13.65,13.26,22395,30232831.0,2.9,1.12,0.15,5.37
185,2021-07-08,605018SH,13.55,13.51,13.75,13.36,24121,32616706.0,2.87,-0.52,-0.07,5.79
186,2021-07-09,605018SH,13.5,13.54,13.64,13.31,22174,29809823.0,2.44,0.22,0.03,5.32
187,2021-07-12,605018SH,13.59,13.64,13.78,13.49,22193,30214567.0,2.14,0.74,0.1,5.32
188,2021-07-13,605018SH,13.77,14.0,15.0,13.76,83745,119943964.0,9.09,2.64,0.36,20.09
189,2021-07-14,605018SH,13.85,13.62,13.96,13.6,45910,62968115.0,2.57,-2.71,-0.38,11.01
190,2021-07-15,605018SH,13.53,13.15,13.58,13.12,29309,38997701.0,3.38,-3.45,-0.47,7.03
191,2021-07-16,605018SH,13.16,13.13,13.23,13.04,19735,25885931.0,1.44,-0.15,-0.02,4.73
192,2021-07-19,605018SH,13.14,13.03,13.17,12.96,14195,18481707.0,1.6,-0.76,-0.1,3.41
193,2021-07-20,605018SH,13.03,13.13,13.14,12.97,7814,10218515.0,1.3,0.77,0.1,1.87
194,2021-07-21,605018SH,13.15,13.16,13.25,13.11,10894,14328718.0,1.07,0.23,0.03,2.61
195,2021-07-22,605018SH,13.14,13.08,13.18,13.01,10883,14227630.0,1.29,-0.61,-0.08,2.61
196,2021-07-23,605018SH,13.07,12.91,13.12,12.85,13744,17830065.0,2.06,-1.3,-0.17,3.3
197,2021-07-26,605018SH,12.9,13.09,13.15,12.72,16308,21130352.0,3.33,1.39,0.18,3.91
198,2021-07-27,605018SH,13.09,12.75,13.21,12.75,13339,17307550.0,3.51,-2.6,-0.34,3.2
199,2021-07-28,605018SH,12.61,12.2,12.72,12.0,16514,20354584.0,5.65,-4.31,-0.55,3.96
200,2021-07-29,605018SH,12.21,12.43,12.49,12.21,8963,11100154.0,2.3,1.89,0.23,2.15
201,2021-07-30,605018SH,12.4,12.46,12.56,12.35,7302,9102571.0,1.69,0.24,0.03,1.75
202,2021-08-02,605018SH,12.46,12.71,12.75,12.4,11614,14683354.0,2.81,2.01,0.25,2.79
203,2021-08-03,605018SH,12.74,12.72,12.88,12.66,9243,11811873.0,1.73,0.08,0.01,2.22
204,2021-08-04,605018SH,12.72,12.77,12.88,12.66,8497,10850059.0,1.73,0.39,0.05,2.04
205,2021-08-05,605018SH,12.75,12.87,12.98,12.6,13436,17193364.0,2.98,0.78,0.1,3.22
206,2021-08-06,605018SH,12.87,12.66,12.94,12.61,8955,11369957.0,2.56,-1.63,-0.21,2.15
207,2021-08-09,605018SH,12.66,12.75,12.78,12.6,9879,12529549.0,1.42,0.71,0.09,2.37
208,2021-08-10,605018SH,12.81,12.85,12.9,12.72,10853,13919135.0,1.41,0.78,0.1,2.6
209,2021-08-11,605018SH,12.85,13.36,13.37,12.8,35222,46383726.0,4.44,3.97,0.51,8.45
210,2021-08-12,605018SH,13.33,13.44,13.48,13.15,28158,37495248.0,2.47,0.6,0.08,6.76
211,2021-08-13,605018SH,14.0,13.44,14.0,13.36,40802,55320480.0,4.76,0.0,0.0,9.79
212,2021-08-16,605018SH,13.27,13.47,13.7,13.02,30604,40818735.0,5.06,0.22,0.03,7.34
213,2021-08-17,605018SH,13.28,13.26,13.64,13.2,20091,26839757.0,3.27,-1.56,-0.21,4.82
214,2021-08-18,605018SH,13.22,13.75,13.88,13.16,49366,67250193.0,5.43,3.7,0.49,11.84
215,2021-08-19,605018SH,13.75,13.58,13.9,13.42,32441,44164376.0,3.49,-1.24,-0.17,7.78
216,2021-08-20,605018SH,13.61,13.39,13.61,13.07,20768,27579508.0,3.98,-1.4,-0.19,4.98
217,2021-08-23,605018SH,13.31,13.76,13.9,13.31,33531,45787582.0,4.41,2.76,0.37,8.04
218,2021-08-24,605018SH,13.71,13.75,13.88,13.65,23981,32992155.0,1.67,-0.07,-0.01,5.75
219,2021-08-25,605018SH,13.7,13.72,13.79,13.54,27881,38022443.0,1.82,-0.22,-0.03,6.69
220,2021-08-26,605018SH,13.79,13.59,15.09,13.58,74062,103707906.0,11.01,-0.95,-0.13,17.77
221,2021-08-27,605018SH,13.78,13.98,14.24,13.31,61734,85500432.0,6.84,2.87,0.39,14.81
222,2021-08-30,605018SH,13.88,13.92,14.18,13.8,41362,57773600.0,2.72,-0.43,-0.06,9.92
223,2021-08-31,605018SH,13.92,13.62,13.96,13.49,27900,38227217.0,3.38,-2.16,-0.3,6.69
224,2021-09-01,605018SH,13.62,13.47,13.65,12.96,33052,44278507.0,5.07,-1.1,-0.15,7.93
225,2021-09-02,605018SH,13.41,13.49,13.57,13.34,19276,25926713.0,1.71,0.15,0.02,4.62
226,2021-09-03,605018SH,13.48,13.22,13.5,13.22,17876,23856898.0,2.08,-2.0,-0.27,4.29
227,2021-09-06,605018SH,13.18,13.31,13.33,13.13,19101,25274337.0,1.51,0.68,0.09,4.58
228,2021-09-07,605018SH,13.35,13.7,13.75,13.21,43032,58126902.0,4.06,2.93,0.39,10.32
229,2021-09-08,605018SH,13.71,13.72,13.85,13.58,25204,34491897.0,1.97,0.15,0.02,6.05
230,2021-09-09,605018SH,13.72,13.82,13.89,13.66,22801,31445381.0,1.68,0.73,0.1,5.47
231,2021-09-10,605018SH,13.79,14.16,14.32,13.6,54297,75665049.0,5.21,2.46,0.34,13.03
232,2021-09-13,605018SH,14.22,15.01,15.55,14.03,129721,191514887.0,10.73,6.0,0.85,31.12
233,2021-09-14,605018SH,14.82,15.35,15.75,14.57,128437,194899110.0,7.86,2.27,0.34,30.82
234,2021-09-15,605018SH,15.65,15.1,15.73,14.78,96120,146013265.0,6.19,-1.63,-0.25,23.06
235,2021-09-16,605018SH,15.05,14.03,15.05,13.98,83475,120708527.0,7.09,-7.09,-1.07,20.03
236,2021-09-17,605018SH,13.92,13.98,14.15,13.57,47634,66147918.0,4.13,-0.36,-0.05,11.43
237,2021-09-22,605018SH,13.73,14.35,14.52,13.48,52669,73449365.0,7.44,2.65,0.37,12.64
238,2021-09-23,605018SH,14.27,14.81,14.95,14.0,71144,103450522.0,6.62,3.21,0.46,17.07
239,2021-09-24,605018SH,14.81,14.53,15.16,14.42,46040,67862441.0,5.0,-1.89,-0.28,11.05
240,2021-09-27,605018SH,14.48,14.75,14.93,14.11,59784,87456790.0,5.64,1.51,0.22,14.34
241,2021-09-28,605018SH,14.9,14.39,14.92,14.34,47918,70078410.0,3.93,-2.44,-0.36,11.5
242,2021-09-29,605018SH,14.15,12.95,14.16,12.95,56776,76096055.0,8.41,-10.01,-1.44,13.62
243,2021-09-30,605018SH,13.0,12.73,13.0,12.5,34693,44274501.0,3.86,-1.7,-0.22,8.32
244,2021-10-08,605018SH,12.8,12.88,12.9,12.62,22677,28915697.0,2.2,1.18,0.15,5.44
245,2021-10-11,605018SH,12.91,12.69,12.91,12.68,17824,22692762.0,1.79,-1.48,-0.19,4.28
246,2021-10-12,605018SH,12.62,12.39,12.72,12.31,16763,20904333.0,3.23,-2.36,-0.3,4.02
247,2021-10-13,605018SH,12.33,12.71,12.74,12.33,14770,18641794.0,3.31,2.58,0.32,3.54
248,2021-10-14,605018SH,12.62,12.72,12.75,12.62,8378,10633772.0,1.02,0.08,0.01,2.01
249,2021-10-15,605018SH,12.71,12.59,12.76,12.53,11110,14031740.0,1.81,-1.02,-0.13,2.67
250,2021-10-18,605018SH,12.59,12.8,12.84,12.53,11158,14182118.0,2.46,1.67,0.21,2.68
251,2021-10-19,605018SH,12.81,12.81,12.9,12.73,10263,13150885.0,1.33,0.08,0.01,2.46
252,2021-10-20,605018SH,12.81,12.94,13.01,12.71,15664,20148576.0,2.34,1.01,0.13,3.76
253,2021-10-21,605018SH,12.9,12.98,13.16,12.86,15968,20795496.0,2.32,0.31,0.04,3.83
254,2021-10-22,605018SH,12.98,12.6,13.0,12.55,18228,23166459.0,3.47,-2.93,-0.38,4.37
255,2021-10-25,605018SH,12.6,12.66,12.71,12.55,7750,9802852.0,1.27,0.48,0.06,1.86
256,2021-10-26,605018SH,12.66,12.49,12.68,12.48,13719,17189892.0,1.58,-1.34,-0.17,3.29
257,2021-10-27,605018SH,12.49,12.1,12.52,11.97,17514,21248623.0,4.4,-3.12,-0.39,4.2
258,2021-10-28,605018SH,12.1,11.86,12.14,11.85,11394,13643038.0,2.4,-1.98,-0.24,2.73
259,2021-10-29,605018SH,11.8,12.25,12.26,11.8,14716,17703950.0,3.88,3.29,0.39,3.53
260,2021-11-01,605018SH,12.11,12.45,12.52,12.08,11243,13920462.0,3.59,1.63,0.2,2.7
261,2021-11-02,605018SH,12.6,12.41,12.6,12.25,14981,18576980.0,2.81,-0.32,-0.04,3.59
262,2021-11-03,605018SH,12.36,12.5,12.52,12.33,8575,10667062.0,1.53,0.73,0.09,2.06
263,2021-11-04,605018SH,12.44,12.79,12.94,12.44,21393,27338950.0,4.0,2.32,0.29,5.13
264,2021-11-05,605018SH,12.85,12.83,12.94,12.69,13053,16729003.0,1.95,0.31,0.04,3.13
265,2021-11-08,605018SH,12.83,13.6,13.76,12.83,59649,80291137.0,7.25,6.0,0.77,14.31
266,2021-11-09,605018SH,13.82,14.05,14.2,13.68,58755,82201206.0,3.82,3.31,0.45,14.1
267,2021-11-10,605018SH,14.09,14.18,14.3,13.86,46158,64856262.0,3.13,0.93,0.13,11.07
268,2021-11-11,605018SH,14.33,14.36,14.41,14.04,43358,61708583.0,2.61,1.27,0.18,10.4
269,2021-11-12,605018SH,14.36,14.43,14.55,14.18,34548,49738629.0,2.58,0.49,0.07,8.29
270,2021-11-15,605018SH,14.5,14.84,14.95,14.24,51221,75514506.0,4.92,2.84,0.41,12.29
271,2021-11-16,605018SH,14.7,14.85,15.28,14.61,58110,86437771.0,4.51,0.07,0.01,13.94
272,2021-11-17,605018SH,14.79,14.96,15.38,14.7,50262,75869139.0,4.58,0.74,0.11,12.06
273,2021-11-18,605018SH,15.13,14.7,15.19,14.7,32911,48835613.0,3.28,-1.74,-0.26,7.9
274,2021-11-19,605018SH,14.3,16.17,16.17,14.21,97241,151596391.0,13.33,10.0,1.47,23.33
275,2021-11-22,605018SH,16.23,15.21,16.23,14.88,145966,221528229.0,8.35,-5.94,-0.96,35.02
276,2021-11-23,605018SH,14.81,14.58,14.88,14.32,106727,155485102.0,3.68,-4.14,-0.63,25.61
277,2021-11-24,605018SH,14.36,14.54,14.62,14.2,72979,105257535.0,2.88,-0.27,-0.04,17.51
278,2021-11-25,605018SH,14.6,14.07,14.6,14.06,66790,94967767.0,3.71,-3.23,-0.47,16.02
279,2021-11-26,605018SH,14.06,13.85,14.14,13.84,45895,64097037.0,2.13,-1.56,-0.22,11.01
280,2021-11-29,605018SH,13.66,13.98,14.04,13.6,36860,51174712.0,3.18,0.94,0.13,8.84
281,2021-11-30,605018SH,14.05,14.13,14.54,13.98,50388,71570831.0,4.01,1.07,0.15,12.09
282,2021-12-01,605018SH,14.17,14.2,14.29,14.0,34364,48765322.0,2.05,0.5,0.07,8.24
283,2021-12-02,605018SH,14.12,13.87,14.27,13.86,31765,44508475.0,2.89,-2.32,-0.33,7.62
284,2021-12-03,605018SH,13.94,14.07,14.1,13.78,25597,35802748.0,2.31,1.44,0.2,6.14
285,2021-12-06,605018SH,14.17,13.78,14.18,13.71,25138,34851183.0,3.34,-2.06,-0.29,6.03
286,2021-12-07,605018SH,13.78,13.41,13.8,13.22,29010,38912560.0,4.21,-2.69,-0.37,6.96
287,2021-12-08,605018SH,13.43,14.15,14.25,13.41,46041,64335377.0,6.26,5.52,0.74,11.05
288,2021-12-09,605018SH,14.14,15.08,15.57,14.03,142883,214928053.0,10.88,6.57,0.93,34.28
289,2021-12-10,605018SH,15.21,15.14,15.45,14.65,87434,131817254.0,5.31,0.4,0.06,20.98
290,2021-12-13,605018SH,15.11,15.61,15.86,14.92,58082,89292631.0,6.21,3.1,0.47,13.94
291,2021-12-14,605018SH,15.62,16.25,16.45,15.4,64023,102744218.0,6.73,4.1,0.64,15.36
292,2021-12-15,605018SH,16.2,17.05,17.18,16.08,64146,107101826.0,6.77,4.92,0.8,15.39
293,2021-12-16,605018SH,17.05,17.22,17.33,16.79,45504,77775567.0,3.17,1.0,0.17,10.92
294,2021-12-17,605018SH,17.33,17.25,17.76,17.1,46516,80815518.0,3.83,0.17,0.03,11.16
295,2021-12-20,605018SH,17.25,16.8,17.3,16.6,48536,81582749.0,4.06,-2.61,-0.45,11.64
296,2021-12-21,605018SH,16.95,17.83,17.98,16.72,32176,56248815.0,7.5,6.13,1.03,7.72
297,2021-12-22,605018SH,18.39,17.5,18.39,17.21,40104,70782924.0,6.62,-1.85,-0.33,9.62
298,2021-12-23,605018SH,17.36,17.33,17.6,16.96,31833,54896311.0,3.66,-0.97,-0.17,7.64
299,2021-12-24,605018SH,17.36,17.53,17.9,17.19,52651,92103297.0,4.1,1.15,0.2,12.63
300,2021-12-27,605018SH,17.5,17.48,17.67,17.14,28778,49965345.0,3.02,-0.29,-0.05,6.9
301,2021-12-28,605018SH,17.6,17.2,17.6,16.9,30371,52245572.0,4.0,-1.6,-0.28,7.29
302,2021-12-29,605018SH,17.26,17.37,17.5,16.88,23095,39819345.0,3.6,0.99,0.17,5.54
303,2021-12-30,605018SH,17.8,18.88,19.07,17.25,51317,94618176.0,10.48,8.69,1.51,12.31
304,2021-12-31,605018SH,19.11,18.88,19.58,18.3,66952,127331192.0,6.78,0.0,0.0,16.06
305,2022-01-04,605018SH,18.94,18.0,19.0,17.27,56773,100627638.0,9.16,-4.66,-0.88,13.62
306,2022-01-05,605018SH,17.84,17.1,18.07,16.85,43303,74830717.0,6.78,-5.0,-0.9,10.39
307,2022-01-06,605018SH,17.01,17.66,17.88,16.8,28589,49765248.0,6.32,3.27,0.56,6.86
308,2022-01-07,605018SH,17.54,17.48,18.22,17.35,30619,53941902.0,4.93,-1.02,-0.18,7.35
309,2022-01-10,605018SH,17.49,17.74,18.28,17.49,29071,52072436.0,4.52,1.49,0.26,6.97
310,2022-01-11,605018SH,17.78,17.66,18.08,17.45,23133,40918913.0,3.55,-0.45,-0.08,5.55
311,2022-01-12,605018SH,17.67,18.12,18.15,17.44,25881,46290753.0,4.02,2.6,0.46,6.21
312,2022-01-13,605018SH,18.13,18.15,18.31,17.65,26681,48248389.0,3.64,0.17,0.03,6.4
313,2022-01-14,605018SH,18.0,18.2,18.42,17.94,22895,41590510.0,2.64,0.28,0.05,5.49
314,2022-01-17,605018SH,18.3,17.55,18.3,17.12,36219,64370537.0,6.48,-3.57,-0.65,8.69
315,2022-01-18,605018SH,17.52,16.8,17.55,16.34,40352,67887850.0,6.89,-4.27,-0.75,9.68
316,2022-01-19,605018SH,16.5,16.64,16.78,16.2,31778,52484087.0,3.45,-0.95,-0.16,7.62
317,2022-01-20,605018SH,16.67,16.25,16.86,16.21,19265,31836578.0,3.91,-2.34,-0.39,4.62
318,2022-01-21,605018SH,16.26,16.58,16.72,16.02,15221,25011821.0,4.31,2.03,0.33,3.65
319,2022-01-24,605018SH,16.58,17.08,17.26,16.42,27397,46663255.0,5.07,3.02,0.5,6.57
320,2022-01-25,605018SH,16.91,16.76,17.27,16.6,33165,55746562.0,3.92,-1.87,-0.32,7.96
321,2022-01-26,605018SH,16.77,16.78,17.0,16.31,31513,52597567.0,4.12,0.12,0.02,7.56
322,2022-01-27,605018SH,16.78,16.49,16.78,16.2,22133,36554722.0,3.46,-1.73,-0.29,5.31
323,2022-01-28,605018SH,16.39,15.42,16.48,14.84,25597,39824786.0,9.95,-6.49,-1.07,6.14
324,2022-02-07,605018SH,15.7,16.21,16.31,15.51,18225,28825258.0,5.19,5.12,0.79,4.37
325,2022-02-08,605018SH,16.25,16.68,16.72,16.05,17435,28788905.0,4.13,2.9,0.47,4.18
326,2022-02-09,605018SH,16.64,16.29,16.82,16.27,15091,24744272.0,3.3,-2.34,-0.39,3.62
327,2022-02-10,605018SH,16.29,16.34,16.35,16.1,9789,15894307.0,1.53,0.31,0.05,2.35
328,2022-02-11,605018SH,16.34,16.23,16.5,16.13,15645,25435935.0,2.26,-0.67,-0.11,3.75
329,2022-02-14,605018SH,16.19,16.89,17.05,16.11,29280,48904040.0,5.79,4.07,0.66,7.03
330,2022-02-15,605018SH,16.88,16.3,16.99,16.26,20912,34495409.0,4.32,-3.49,-0.59,5.02
331,2022-02-16,605018SH,16.31,16.31,16.59,16.21,8760,14279537.0,2.33,0.06,0.01,2.1
332,2022-02-17,605018SH,16.45,16.34,16.48,16.23,9285,15194872.0,1.53,0.18,0.03,2.23
333,2022-02-18,605018SH,16.22,16.39,16.44,16.1,9938,16163608.0,2.08,0.31,0.05,2.38
334,2022-02-21,605018SH,16.43,17.84,17.85,16.39,41321,71301131.0,8.91,8.85,1.45,9.91
335,2022-02-22,605018SH,17.95,17.84,17.96,17.47,25979,46124382.0,2.75,0.0,0.0,6.23
336,2022-02-23,605018SH,17.89,18.15,18.25,17.57,25723,46231740.0,3.81,1.74,0.31,6.17
337,2022-02-24,605018SH,18.15,17.65,18.75,17.5,38558,69054371.0,6.89,-2.75,-0.5,9.25
338,2022-02-25,605018SH,17.8,18.0,18.15,17.54,22293,39927670.0,3.46,1.98,0.35,5.35
339,2022-02-28,605018SH,17.91,18.32,18.37,17.57,24787,44958706.0,4.44,1.78,0.32,5.95
340,2022-03-01,605018SH,18.6,18.5,18.6,18.13,14910,27369843.0,2.57,0.98,0.18,3.58
341,2022-03-02,605018SH,18.5,19.08,19.13,18.5,49703,93817663.0,3.41,3.14,0.58,11.92
342,2022-03-03,605018SH,19.13,18.65,19.4,18.0,46770,87380216.0,7.34,-2.25,-0.43,11.22
343,2022-03-04,605018SH,18.52,18.28,18.52,18.0,23110,42098208.0,2.79,-1.98,-0.37,5.54
344,2022-03-07,605018SH,18.28,17.81,18.48,17.73,18547,33377617.0,4.1,-2.57,-0.47,4.45
345,2022-03-08,605018SH,18.0,17.52,18.0,17.21,15791,27741598.0,4.44,-1.63,-0.29,3.79
346,2022-03-09,605018SH,17.52,16.95,17.75,16.0,20890,35314605.0,9.99,-3.25,-0.57,5.01
347,2022-03-10,605018SH,17.36,17.02,17.36,16.6,24752,41861492.0,4.48,0.41,0.07,5.94
348,2022-03-11,605018SH,16.85,17.11,17.31,16.6,16748,28602844.0,4.17,0.53,0.09,4.02
349,2022-03-14,605018SH,17.3,16.99,17.3,16.69,27275,46453181.0,3.57,-0.7,-0.12,6.54
350,2022-03-15,605018SH,16.8,16.0,16.8,15.86,18890,30868886.0,5.53,-5.83,-0.99,4.53
351,2022-03-16,605018SH,16.6,16.18,16.6,14.41,32630,50826303.0,13.69,1.13,0.18,7.83
352,2022-03-17,605018SH,16.4,16.0,16.4,15.84,21670,34806776.0,3.46,-1.11,-0.18,5.2
353,2022-03-18,605018SH,16.05,16.82,17.12,15.56,20408,33733261.0,9.75,5.13,0.82,4.9
354,2022-03-21,605018SH,17.05,18.05,18.35,16.82,35569,63545092.0,9.1,7.31,1.23,8.53
355,2022-03-22,605018SH,18.05,17.82,18.57,17.57,30293,54501111.0,5.54,-1.27,-0.23,7.27
356,2022-03-23,605018SH,17.9,18.77,18.81,17.78,37920,70012209.0,5.78,5.33,0.95,9.1
357,2022-03-24,605018SH,18.7,18.77,19.3,18.36,34220,64403661.0,5.01,0.0,0.0,8.21
358,2022-03-25,605018SH,18.88,18.88,19.12,18.5,34886,65448036.0,3.3,0.59,0.11,8.37
359,2022-03-28,605018SH,18.85,18.9,18.9,18.08,34353,63111489.0,4.34,0.11,0.02,8.24
360,2022-03-29,605018SH,19.45,18.8,19.45,18.37,33829,63226010.0,5.71,-0.53,-0.1,8.12
361,2022-03-30,605018SH,18.8,18.51,19.0,18.38,25510,47676532.0,3.3,-1.54,-0.29,6.12
362,2022-03-31,605018SH,18.58,18.55,18.92,18.28,20487,38301309.0,3.46,0.22,0.04,4.92
363,2022-04-01,605018SH,18.65,18.6,18.65,18.3,10975,20281914.0,1.89,0.27,0.05,2.63
364,2022-04-06,605018SH,18.6,18.73,18.73,18.45,15068,27995771.0,1.51,0.7,0.13,3.62
365,2022-04-07,605018SH,18.7,18.71,19.17,18.43,14998,28072187.0,3.95,-0.11,-0.02,3.6
366,2022-04-08,605018SH,18.71,18.83,18.97,18.52,28191,52906195.0,2.41,0.64,0.12,6.76
367,2022-04-11,605018SH,18.83,19.67,19.9,18.83,44076,85587781.0,5.68,4.46,0.84,10.57
368,2022-04-12,605018SH,19.62,19.9,20.0,19.5,33673,66696983.0,2.54,1.17,0.23,8.08
369,2022-04-13,605018SH,19.85,18.2,19.85,17.91,62141,115018606.0,9.75,-8.54,-1.7,14.91
370,2022-04-14,605018SH,18.22,18.7,19.21,18.19,36991,68929207.0,5.6,2.75,0.5,8.88
371,2022-04-15,605018SH,18.56,18.6,18.8,18.31,19833,36805398.0,2.62,-0.53,-0.1,4.76
372,2022-04-18,605018SH,18.67,19.55,19.76,18.45,40195,77194438.0,7.04,5.11,0.95,9.64
373,2022-04-19,605018SH,19.56,19.81,19.88,19.3,61847,121663835.0,2.97,1.33,0.26,14.84
374,2022-04-20,605018SH,19.84,19.88,20.53,19.8,57047,114650015.0,3.69,0.35,0.07,13.69
375,2022-04-21,605018SH,19.73,20.08,20.27,17.89,70969,140235995.0,11.97,1.01,0.2,17.03
376,2022-04-22,605018SH,20.35,19.78,20.8,19.55,41547,82923050.0,6.23,-1.49,-0.3,9.97
377,2022-04-25,605018SH,19.44,19.79,20.01,17.8,57602,107523940.0,11.17,0.05,0.01,13.82
378,2022-04-26,605018SH,19.0,18.5,19.2,17.81,43114,79013504.0,7.02,-6.52,-1.29,10.34
379,2022-04-27,605018SH,17.92,16.65,17.92,16.65,24113,40311081.0,6.86,-10.0,-1.85,5.79
380,2022-04-28,605018SH,14.99,14.99,14.99,14.99,21049,31552451.0,0.0,-9.97,-1.66,5.05
381,2022-04-29,605018SH,13.49,14.47,14.96,13.49,99901,137541279.0,9.81,-3.47,-0.52,23.97
382,2022-05-05,605018SH,13.58,13.95,14.29,13.51,59295,82725367.0,5.39,-3.59,-0.52,14.23
383,2022-05-06,605018SH,13.7,13.76,13.96,13.25,32405,44186424.0,5.09,-1.36,-0.19,7.77
384,2022-05-09,605018SH,13.88,13.99,14.18,13.65,30651,42593387.0,3.85,1.67,0.23,7.35
385,2022-05-10,605018SH,13.82,13.88,13.97,13.6,24733,34225189.0,2.64,-0.79,-0.11,5.93
386,2022-05-11,605018SH,13.88,13.83,14.33,13.82,33556,47221738.0,3.67,-0.36,-0.05,8.05
387,2022-05-12,605018SH,13.86,14.08,14.08,13.74,25181,35134112.0,2.46,1.81,0.25,6.04
388,2022-05-13,605018SH,14.09,14.59,14.85,14.08,40255,58217020.0,5.47,3.62,0.51,9.66
389,2022-05-16,605018SH,14.56,14.2,14.79,14.08,30359,43509475.0,4.87,-2.67,-0.39,7.28
390,2022-05-17,605018SH,14.22,14.0,14.43,13.96,32818,46349608.0,3.31,-1.41,-0.2,7.87
391,2022-05-18,605018SH,14.13,14.3,14.43,13.96,36417,51890019.0,3.36,2.14,0.3,8.74
392,2022-05-19,605018SH,14.07,14.54,14.84,13.99,44294,64312740.0,5.94,1.68,0.24,10.63
393,2022-05-20,605018SH,14.69,14.7,14.96,14.4,43529,63771418.0,3.85,1.1,0.16,10.44
394,2022-05-23,605018SH,14.7,16.17,16.17,14.7,81819,127954843.0,10.0,10.0,1.47,19.63
395,2022-05-24,605018SH,16.36,15.27,16.36,15.13,81743,127716188.0,7.61,-5.57,-0.9,19.61
396,2022-05-25,605018SH,15.6,15.42,15.85,15.1,58450,90234442.0,4.91,0.98,0.15,14.02
397,2022-05-26,605018SH,15.35,15.23,15.37,14.8,35866,54151200.0,3.7,-1.23,-0.19,8.61
398,2022-05-27,605018SH,15.23,15.05,15.36,14.87,39802,60207160.0,3.22,-1.18,-0.18,9.55
399,2022-05-30,605018SH,14.99,15.05,15.21,14.8,32307,48387594.0,2.72,0.0,0.0,7.75
400,2022-05-31,605018SH,15.0,14.97,15.1,14.73,27777,41372335.0,2.46,-0.53,-0.08,6.66
401,2022-06-01,605018SH,15.01,15.01,15.28,14.87,35111,53011606.0,2.74,0.27,0.04,8.42
402,2022-06-02,605018SH,14.93,15.34,15.47,14.75,43286,65793108.0,4.8,2.2,0.33,10.39
403,2022-06-06,605018SH,15.32,15.26,15.55,15.15,38813,59186684.0,2.61,-0.52,-0.08,9.31
404,2022-06-07,605018SH,14.28,14.79,15.39,14.28,47604,69919226.0,7.27,-3.08,-0.47,11.42
405,2022-06-08,605018SH,14.5,14.08,14.57,13.73,45585,64570565.0,5.68,-4.8,-0.71,10.94
406,2022-06-09,605018SH,14.11,13.7,14.15,13.68,24770,34238432.0,3.34,-2.7,-0.38,5.94
407,2022-06-10,605018SH,13.6,14.05,14.17,13.47,21796,30411033.0,5.11,2.55,0.35,5.23
408,2022-06-13,605018SH,14.25,14.8,15.46,14.09,90862,137543731.0,9.75,5.34,0.75,21.8
409,2022-06-14,605018SH,14.8,15.24,15.29,14.35,93769,138832595.0,6.35,2.97,0.44,22.5
410,2022-06-15,605018SH,15.4,14.89,15.5,14.84,46419,69748426.0,4.33,-2.3,-0.35,11.14
411,2022-06-16,605018SH,14.89,14.89,15.0,14.73,29061,43142120.0,1.81,0.0,0.0,6.97
412,2022-06-17,605018SH,14.71,15.47,15.6,14.71,51678,78860067.0,5.98,3.9,0.58,12.4
413,2022-06-20,605018SH,15.47,15.59,15.86,15.23,42217,65765312.0,4.07,0.78,0.12,10.13
414,2022-06-21,605018SH,15.59,15.27,15.64,15.05,25500,39259564.0,3.78,-2.05,-0.32,6.12
415,2022-06-22,605018SH,15.1,15.5,15.75,15.1,29845,46438810.0,4.26,1.51,0.23,7.16
416,2022-06-23,605018SH,15.36,15.92,16.1,15.25,42465,67448782.0,5.48,2.71,0.42,10.19
417,2022-06-24,605018SH,15.93,15.81,16.0,15.61,30322,47792872.0,2.45,-0.69,-0.11,7.27
418,2022-06-27,605018SH,15.84,15.82,15.9,15.45,32159,50463406.0,2.85,0.06,0.01,7.72
419,2022-06-28,605018SH,15.9,15.94,16.1,15.51,38829,61015198.0,3.73,0.76,0.12,9.32
420,2022-06-29,605018SH,15.88,16.0,16.65,15.78,55194,89234244.0,5.46,0.38,0.06,13.24
421,2022-06-30,605018SH,16.05,15.88,16.31,15.75,40970,65430989.0,3.5,-0.75,-0.12,9.83
422,2022-07-01,605018SH,15.71,15.67,15.97,15.37,32038,49977886.0,3.78,-1.32,-0.21,7.69
423,2022-07-04,605018SH,15.48,15.62,15.77,15.46,24912,38806380.0,1.98,-0.32,-0.05,5.98
424,2022-07-05,605018SH,15.62,15.46,15.7,14.9,31604,48236891.0,5.12,-1.02,-0.16,7.58
425,2022-07-06,605018SH,15.45,15.05,15.46,15.04,19957,30194623.0,2.72,-2.65,-0.41,4.79
426,2022-07-07,605018SH,15.07,15.32,15.5,14.87,23754,36379989.0,4.19,1.79,0.27,5.7
427,2022-07-08,605018SH,15.66,15.02,15.66,14.97,18750,28347920.0,4.5,-1.96,-0.3,4.5
428,2022-07-11,605018SH,14.7,14.8,15.02,14.63,15698,23196225.0,2.6,-1.46,-0.22,3.77
429,2022-07-12,605018SH,14.77,14.62,14.9,14.47,19389,28480407.0,2.91,-1.22,-0.18,4.65
430,2022-07-13,605018SH,14.33,14.86,14.96,14.33,18035,26460144.0,4.31,1.64,0.24,4.33
431,2022-07-14,605018SH,14.89,15.1,15.2,14.8,14798,22213699.0,2.69,1.62,0.24,3.55
432,2022-07-15,605018SH,14.85,15.55,15.85,14.65,42934,65798402.0,7.95,2.98,0.45,10.3
433,2022-07-18,605018SH,15.9,15.92,16.08,15.15,68844,109005748.0,5.98,2.38,0.37,16.52
434,2022-07-19,605018SH,15.85,15.99,16.61,15.68,55439,88815225.0,5.84,0.44,0.07,13.3
435,2022-07-20,605018SH,15.84,15.8,16.03,15.53,31073,49042270.0,3.13,-1.19,-0.19,7.46
436,2022-07-21,605018SH,15.7,15.8,16.26,15.56,42383,67667704.0,4.43,0.0,0.0,10.17
437,2022-07-22,605018SH,15.9,15.7,15.91,15.54,38421,60227885.0,2.34,-0.63,-0.1,9.22
438,2022-07-25,605018SH,15.77,15.63,16.1,15.49,28777,45360331.0,3.89,-0.45,-0.07,6.9
439,2022-07-26,605018SH,15.56,16.12,16.7,15.28,63634,101550244.0,9.09,3.13,0.49,15.27
440,2022-07-27,605018SH,16.0,16.33,16.52,15.93,51873,84316670.0,3.66,1.3,0.21,12.45
441,2022-07-28,605018SH,16.57,16.8,17.2,16.25,70778,118326428.0,5.82,2.88,0.47,16.98
442,2022-07-29,605018SH,16.79,16.5,16.92,16.38,47451,78736302.0,3.21,-1.79,-0.3,11.38
443,2022-08-01,605018SH,16.56,16.63,17.03,16.22,46631,78030884.0,4.91,0.79,0.13,11.19
444,2022-08-02,605018SH,16.42,15.67,16.56,15.5,41219,65650863.0,6.37,-5.77,-0.96,9.89
445,2022-08-03,605018SH,15.77,15.32,16.29,15.18,37089,58576472.0,7.08,-2.23,-0.35,8.9
446,2022-08-04,605018SH,15.47,15.45,15.64,14.94,40023,61287162.0,4.57,0.85,0.13,9.6
447,2022-08-05,605018SH,15.6,15.18,15.6,15.03,24628,37384592.0,3.69,-1.75,-0.27,5.91
448,2022-08-08,605018SH,15.12,15.8,15.98,14.8,37128,57732312.0,7.77,4.08,0.62,8.91
449,2022-08-09,605018SH,15.51,15.64,16.32,15.51,29715,47147927.0,5.13,-1.01,-0.16,7.13
450,2022-08-10,605018SH,15.55,15.36,15.82,15.3,27172,42026974.0,3.32,-1.79,-0.28,6.52
451,2022-08-11,605018SH,15.39,15.23,15.54,15.1,26735,40624899.0,2.86,-0.85,-0.13,6.41
452,2022-08-12,605018SH,15.31,15.16,15.47,15.09,25980,39529800.0,2.5,-0.46,-0.07,6.23
453,2022-08-15,605018SH,15.16,15.11,15.23,14.89,18794,28360993.0,2.24,-0.33,-0.05,4.51
454,2022-08-16,605018SH,15.23,15.43,15.93,15.05,33918,52507957.0,5.82,2.12,0.32,8.14
455,2022-08-17,605018SH,15.36,15.26,15.6,15.11,25437,38800763.0,3.18,-1.1,-0.17,6.1
456,2022-08-18,605018SH,15.3,15.56,15.65,15.15,35903,55495089.0,3.28,1.97,0.3,8.61
457,2022-08-19,605018SH,15.56,14.92,15.72,14.91,44824,67650585.0,5.21,-4.11,-0.64,10.75
458,2022-08-22,605018SH,14.79,15.29,15.6,14.5,43825,66268108.0,7.37,2.48,0.37,10.51
459,2022-08-23,605018SH,15.26,15.18,15.4,14.96,23421,35454638.0,2.88,-0.72,-0.11,5.62
460,2022-08-24,605018SH,15.27,14.7,15.29,14.68,30508,45318689.0,4.02,-3.16,-0.48,7.32
461,2022-08-25,605018SH,14.7,14.54,14.93,14.33,20427,29761308.0,4.08,-1.09,-0.16,4.9
462,2022-08-26,605018SH,14.75,14.42,14.75,14.39,16216,23512427.0,2.48,-0.83,-0.12,3.89
463,2022-08-29,605018SH,14.24,14.45,14.55,14.01,15399,21961805.0,3.74,0.21,0.03,3.69
464,2022-08-30,605018SH,14.32,14.0,14.6,13.86,22870,32202300.0,5.12,-3.11,-0.45,5.49
465,2022-08-31,605018SH,13.97,13.42,13.97,13.33,24152,32678387.0,4.57,-4.14,-0.58,5.79
466,2022-09-01,605018SH,13.59,13.12,13.59,13.03,23418,30872826.0,4.17,-2.24,-0.3,5.62
467,2022-09-02,605018SH,13.14,13.42,13.49,13.08,13410,17877405.0,3.13,2.29,0.3,3.22
468,2022-09-05,605018SH,13.42,14.25,14.27,13.36,38010,52918956.0,6.78,6.18,0.83,9.12
469,2022-09-06,605018SH,14.13,14.59,14.94,14.13,43579,63715496.0,5.68,2.39,0.34,10.46
470,2022-09-07,605018SH,14.6,14.56,14.8,14.47,20864,30507767.0,2.26,-0.21,-0.03,5.01
471,2022-09-08,605018SH,14.58,14.35,14.68,14.31,12346,17853539.0,2.54,-1.44,-0.21,2.96
472,2022-09-09,605018SH,14.39,13.96,14.5,13.42,24577,33998600.0,7.53,-2.72,-0.39,5.9
473,2022-09-13,605018SH,13.98,13.94,14.12,13.76,13501,18767342.0,2.58,-0.14,-0.02,3.24
474,2022-09-14,605018SH,13.8,13.65,13.82,13.5,16688,22736555.0,2.3,-2.08,-0.29,4.0
475,2022-09-15,605018SH,13.7,13.11,13.75,12.87,31208,40966650.0,6.45,-3.96,-0.54,7.49
476,2022-09-16,605018SH,13.04,12.82,13.22,12.73,18465,23983350.0,3.74,-2.21,-0.29,4.43
477,2022-09-19,605018SH,12.75,12.93,12.96,12.61,14164,18128951.0,2.73,0.86,0.11,3.4
478,2022-09-20,605018SH,12.84,13.2,13.44,12.84,13213,17476564.0,4.64,2.09,0.27,3.17
479,2022-09-21,605018SH,13.31,12.97,13.31,12.94,10061,13136825.0,2.8,-1.74,-0.23,2.41
480,2022-09-22,605018SH,12.83,12.73,13.12,12.71,13132,16898713.0,3.16,-1.85,-0.24,3.15
481,2022-09-23,605018SH,12.7,11.49,12.73,11.46,151673,175936833.0,9.98,-9.74,-1.24,16.22
482,2022-09-26,605018SH,11.1,10.98,11.43,10.79,89087,98626619.0,5.57,-4.44,-0.51,9.53
483,2022-09-27,605018SH,11.02,11.18,11.29,10.95,43391,48175579.0,3.1,1.82,0.2,4.64
484,2022-09-28,605018SH,11.2,10.71,11.22,10.69,36955,40202265.0,4.74,-4.2,-0.47,3.95
485,2022-09-29,605018SH,10.82,10.64,10.94,10.63,34074,36686918.0,2.89,-0.65,-0.07,3.64
486,2022-09-30,605018SH,10.75,10.45,10.79,10.35,33769,35352634.0,4.14,-1.79,-0.19,3.61
487,2022-10-10,605018SH,10.46,10.07,10.5,9.95,36504,37121528.0,5.26,-3.64,-0.38,3.9
488,2022-10-11,605018SH,10.06,10.2,10.27,9.93,22537,22769338.0,3.38,1.29,0.13,2.41
489,2022-10-12,605018SH,10.2,10.64,10.99,10.14,54727,57115292.0,8.33,4.31,0.44,5.85
490,2022-10-13,605018SH,10.65,10.69,10.88,10.56,41674,44743187.0,3.01,0.47,0.05,4.46
491,2022-10-14,605018SH,10.76,10.71,10.9,10.63,34455,36983768.0,2.53,0.19,0.02,3.69
492,2022-10-17,605018SH,10.67,10.77,10.8,10.57,27472,29460187.0,2.15,0.56,0.06,2.94
493,2022-10-18,605018SH,10.79,10.75,10.89,10.72,28901,31129894.0,1.58,-0.19,-0.02,3.09
494,2022-10-19,605018SH,10.78,10.86,10.88,10.68,37535,40503080.0,1.86,1.02,0.11,4.02
495,2022-10-20,605018SH,11.48,11.95,11.95,11.47,55695,65982504.0,4.42,10.04,1.09,5.96
496,2022-10-21,605018SH,12.5,12.07,12.92,11.47,215194,261581457.0,12.13,1.0,0.12,23.02
497,2022-10-24,605018SH,11.71,11.47,11.9,11.3,105696,123254963.0,4.97,-4.97,-0.6,11.31
498,2022-10-25,605018SH,11.59,11.35,11.59,10.93,81922,91825441.0,5.75,-1.05,-0.12,8.76
499,2022-10-26,605018SH,11.35,11.22,11.47,11.08,69923,78318767.0,3.44,-1.15,-0.13,7.48
500,2022-10-27,605018SH,11.33,11.26,11.44,11.1,63639,71575834.0,3.03,0.36,0.04,6.81
501,2022-10-28,605018SH,11.47,11.33,11.77,11.2,90414,103084818.0,5.06,0.62,0.07,9.67
502,2022-10-31,605018SH,10.9,11.25,11.43,10.2,63381,69455363.0,10.86,-0.71,-0.08,6.78
503,2022-11-01,605018SH,11.29,11.75,11.96,11.15,98117,113988373.0,7.2,4.44,0.5,10.5
504,2022-11-02,605018SH,11.82,11.95,12.07,11.55,87356,103146998.0,4.43,1.7,0.2,9.34
505,2022-11-03,605018SH,11.93,11.95,12.15,11.75,70409,84199162.0,3.35,0.0,0.0,7.53
506,2022-11-04,605018SH,12.05,12.02,12.18,11.84,66726,80373351.0,2.85,0.59,0.07,7.14
507,2022-11-07,605018SH,11.91,12.03,12.18,11.91,45238,54494639.0,2.25,0.08,0.01,4.84
508,2022-11-08,605018SH,12.05,11.98,12.16,11.81,39637,47436147.0,2.91,-0.42,-0.05,4.24
509,2022-11-09,605018SH,12.0,12.17,12.3,11.86,44724,54107632.0,3.67,1.59,0.19,4.78
510,2022-11-10,605018SH,12.01,11.79,12.27,11.78,47335,56832399.0,4.03,-3.12,-0.38,5.06
511,2022-11-11,605018SH,11.99,11.69,12.05,11.69,52819,62791169.0,3.05,-0.85,-0.1,5.65
512,2022-11-14,605018SH,11.6,11.59,11.88,11.5,38729,45159156.0,3.25,-0.86,-0.1,4.14
513,2022-11-15,605018SH,11.59,11.83,11.86,11.43,31392,36826851.0,3.71,2.07,0.24,3.36
514,2022-11-16,605018SH,11.83,11.78,11.93,11.69,20619,24295565.0,2.03,-0.42,-0.05,2.21
515,2022-11-17,605018SH,11.78,11.95,12.24,11.76,40749,48773952.0,4.07,1.44,0.17,4.36
516,2022-11-18,605018SH,12.05,11.62,12.09,11.61,41441,48788244.0,4.02,-2.76,-0.33,4.43
517,2022-11-21,605018SH,11.55,11.64,11.67,11.36,28788,33140529.0,2.67,0.17,0.02,3.08
518,2022-11-22,605018SH,11.71,11.39,11.71,11.35,23115,26600951.0,3.09,-2.15,-0.25,2.47
519,2022-11-23,605018SH,11.27,11.19,11.39,11.06,24264,27192725.0,2.9,-1.76,-0.2,2.6
520,2022-11-24,605018SH,11.26,11.26,11.36,11.12,14585,16386358.0,2.14,0.63,0.07,1.56
521,2022-11-25,605018SH,11.3,11.1,11.32,11.08,17641,19648406.0,2.13,-1.42,-0.16,1.89
522,2022-11-28,605018SH,10.96,10.95,11.04,10.86,22315,24403764.0,1.62,-1.35,-0.15,2.39
523,2022-11-29,605018SH,11.02,11.11,11.14,10.99,17494,19391975.0,1.37,1.46,0.16,1.87
524,2022-11-30,605018SH,11.18,11.37,11.46,11.11,30542,34592382.0,3.15,2.34,0.26,3.27
525,2022-12-01,605018SH,11.45,11.27,11.55,11.25,20415,23217673.0,2.64,-0.88,-0.1,2.18
526,2022-12-02,605018SH,11.27,11.33,11.36,11.22,14970,16887288.0,1.24,0.53,0.06,1.6
527,2022-12-05,605018SH,11.31,11.3,11.46,11.24,18825,21321031.0,1.94,-0.26,-0.03,2.01
528,2022-12-06,605018SH,11.25,11.34,11.35,11.16,17563,19790205.0,1.68,0.35,0.04,1.88
529,2022-12-07,605018SH,11.3,11.28,11.41,11.23,12955,14659532.0,1.59,-0.53,-0.06,1.39
530,2022-12-08,605018SH,11.25,11.2,11.3,11.17,12956,14536218.0,1.15,-0.71,-0.08,1.39
531,2022-12-09,605018SH,11.19,11.1,11.38,11.07,16209,18091645.0,2.77,-0.89,-0.1,1.73
532,2022-12-12,605018SH,11.18,11.01,11.18,10.99,11827,13057505.0,1.71,-0.81,-0.09,1.27
533,2022-12-13,605018SH,11.01,10.89,11.11,10.88,22260,24384565.0,2.09,-1.09,-0.12,2.38
534,2022-12-14,605018SH,10.96,10.85,10.99,10.78,13199,14331023.0,1.93,-0.37,-0.04,1.41
535,2022-12-15,605018SH,10.89,11.05,11.07,10.83,16536,18115502.0,2.21,1.84,0.2,1.77
536,2022-12-16,605018SH,11.04,10.77,11.04,10.73,15039,16286222.0,2.81,-2.53,-0.28,1.61
537,2022-12-19,605018SH,10.79,10.55,10.83,10.51,14549,15502322.0,2.97,-2.04,-0.22,1.56
538,2022-12-20,605018SH,10.54,10.78,10.85,10.5,16569,17715556.0,3.32,2.18,0.23,1.77
539,2022-12-21,605018SH,10.7,10.5,10.79,10.46,16470,17381080.0,3.06,-2.6,-0.28,1.76
540,2022-12-22,605018SH,10.52,10.26,10.52,10.21,17323,17953545.0,2.95,-2.29,-0.24,1.85
541,2022-12-23,605018SH,10.23,10.27,10.35,10.08,14684,15031030.0,2.63,0.1,0.01,1.57
542,2022-12-26,605018SH,10.19,10.53,10.58,10.19,13511,14162109.0,3.8,2.53,0.26,1.45
543,2022-12-27,605018SH,10.6,10.54,10.6,10.34,9968,10488086.0,2.47,0.09,0.01,1.07
544,2022-12-28,605018SH,10.48,10.23,10.51,10.22,15198,15671539.0,2.75,-2.94,-0.31,1.63
545,2022-12-29,605018SH,10.23,10.29,10.8,10.16,31750,33176769.0,6.26,0.59,0.06,3.4
546,2022-12-30,605018SH,10.26,10.24,10.5,10.21,19997,20566679.0,2.82,-0.49,-0.05,2.14
547,2023-01-03,605018SH,10.21,10.47,10.58,10.21,25485,26642938.0,3.61,2.25,0.23,2.73
548,2023-01-04,605018SH,10.48,10.5,10.63,10.41,15266,16077309.0,2.1,0.29,0.03,1.63
549,2023-01-05,605018SH,10.51,10.59,10.63,10.46,11902,12588213.0,1.62,0.86,0.09,1.27
550,2023-01-06,605018SH,10.58,10.67,10.81,10.56,21676,23163362.0,2.36,0.76,0.08,2.32
551,2023-01-09,605018SH,10.7,10.69,10.79,10.66,16405,17594868.0,1.22,0.19,0.02,1.75
552,2023-01-10,605018SH,10.69,10.72,10.74,10.56,15121,16103341.0,1.68,0.28,0.03,1.62
553,2023-01-11,605018SH,10.71,10.53,10.77,10.5,16599,17636649.0,2.52,-1.77,-0.19,1.78
554,2023-01-12,605018SH,10.76,10.66,10.91,10.6,25262,27061136.0,2.94,1.23,0.13,2.7
555,2023-01-13,605018SH,10.67,10.61,10.78,10.52,17497,18624287.0,2.44,-0.47,-0.05,1.87
556,2023-01-16,605018SH,10.55,10.69,10.71,10.55,14215,15128033.0,1.51,0.75,0.08,1.52
557,2023-01-17,605018SH,10.7,10.66,10.78,10.6,11291,12065443.0,1.68,-0.28,-0.03,1.21
558,2023-01-18,605018SH,10.6,10.69,10.72,10.6,10353,11042031.0,1.13,0.28,0.03,1.11
559,2023-01-19,605018SH,10.7,10.75,10.76,10.6,10886,11656882.0,1.5,0.56,0.06,1.16
560,2023-01-20,605018SH,10.8,10.85,10.88,10.7,12973,14033078.0,1.67,0.93,0.1,1.39
561,2023-01-30,605018SH,10.98,11.31,11.4,10.98,51624,58119447.0,3.87,4.24,0.46,5.52
562,2023-01-31,605018SH,11.35,11.37,11.49,11.2,36182,41096455.0,2.56,0.53,0.06,3.87
563,2023-02-01,605018SH,11.42,11.4,11.49,11.28,31833,36149238.0,1.85,0.26,0.03,3.41
564,2023-02-02,605018SH,11.41,11.4,11.49,11.24,30800,34975074.0,2.19,0.0,0.0,3.29
565,2023-02-03,605018SH,11.42,11.28,11.42,11.16,23273,26229326.0,2.28,-1.05,-0.12,2.49
566,2023-02-06,605018SH,11.24,11.3,11.43,11.2,23180,26264835.0,2.04,0.18,0.02,2.48
567,2023-02-07,605018SH,11.39,11.41,11.41,11.3,17646,20063195.0,0.97,0.97,0.11,1.89
568,2023-02-08,605018SH,11.41,11.49,11.58,11.41,25658,29492292.0,1.49,0.7,0.08,2.74
569,2023-02-09,605018SH,11.52,12.09,12.64,11.46,132708,160889214.0,10.27,5.22,0.6,14.2
570,2023-02-10,605018SH,12.12,12.12,12.35,12.01,96822,117997525.0,2.81,0.25,0.03,10.36
571,2023-02-13,605018SH,12.12,11.96,12.18,11.89,53828,64522963.0,2.39,-1.32,-0.16,5.76
572,2023-02-14,605018SH,11.9,12.05,12.12,11.9,48795,58586125.0,1.84,0.75,0.09,5.22
573,2023-02-15,605018SH,12.04,12.0,12.21,11.97,45762,55267335.0,1.99,-0.41,-0.05,4.9
574,2023-02-16,605018SH,12.0,11.65,12.1,11.56,50633,59956426.0,4.5,-2.92,-0.35,5.42
575,2023-02-17,605018SH,11.72,11.86,11.95,11.45,66551,78219511.0,4.29,1.8,0.21,7.12
576,2023-02-20,605018SH,11.95,11.89,12.3,11.73,70719,84595828.0,4.81,0.25,0.03,7.56
577,2023-02-21,605018SH,11.98,12.01,12.07,11.83,40661,48653956.0,2.02,1.01,0.12,4.35
578,2023-02-22,605018SH,11.98,11.81,12.02,11.79,30583,36232657.0,1.92,-1.67,-0.2,3.27
579,2023-02-23,605018SH,11.77,12.0,12.04,11.71,37403,44661985.0,2.79,1.61,0.19,4.0
580,2023-02-24,605018SH,11.97,11.95,12.13,11.86,27456,32773950.0,2.25,-0.42,-0.05,2.94
581,2023-02-27,605018SH,11.98,11.8,11.98,11.78,19665,23285718.0,1.67,-1.26,-0.15,2.1
582,2023-02-28,605018SH,11.81,11.86,11.95,11.74,16796,19857115.0,1.78,0.51,0.06,1.8
583,2023-03-01,605018SH,11.86,11.95,11.95,11.81,21079,25027745.0,1.18,0.76,0.09,2.25
584,2023-03-02,605018SH,11.94,11.73,11.94,11.69,35417,41663748.0,2.09,-1.84,-0.22,3.79
585,2023-03-03,605018SH,11.74,11.51,11.75,11.5,39871,46143705.0,2.13,-1.88,-0.22,4.26
586,2023-03-06,605018SH,11.58,11.4,11.58,11.33,19967,22773184.0,2.17,-0.96,-0.11,2.14
587,2023-03-07,605018SH,11.4,11.21,11.41,11.21,21495,24291559.0,1.75,-1.67,-0.19,2.3
588,2023-03-08,605018SH,11.22,11.32,11.33,11.15,17211,19410761.0,1.61,0.98,0.11,1.84
589,2023-03-09,605018SH,11.35,11.37,11.4,11.21,14285,16186375.0,1.68,0.44,0.05,1.53
590,2023-03-10,605018SH,11.49,11.13,11.49,11.09,19743,22076642.0,3.52,-2.11,-0.24,2.11
591,2023-03-13,605018SH,11.16,11.25,11.53,10.76,37163,40848170.0,6.92,1.08,0.12,3.98
592,2023-03-14,605018SH,11.17,10.76,11.25,10.73,35277,38256388.0,4.62,-4.36,-0.49,3.77
593,2023-03-15,605018SH,10.84,10.9,11.04,10.84,20062,21956622.0,1.86,1.3,0.14,2.15
594,2023-03-16,605018SH,10.83,10.77,10.97,10.77,15488,16816532.0,1.83,-1.19,-0.13,1.66
595,2023-03-17,605018SH,10.85,10.84,10.91,10.77,12003,13007185.0,1.3,0.65,0.07,1.28
596,2023-03-20,605018SH,10.71,10.84,10.95,10.71,10622,11514201.0,2.21,0.0,0.0,1.14
597,2023-03-21,605018SH,10.85,10.98,11.0,10.81,12709,13916770.0,1.75,1.29,0.14,1.36
598,2023-03-22,605018SH,11.01,10.94,11.14,10.91,16141,17721687.0,2.09,-0.36,-0.04,1.73
599,2023-03-23,605018SH,10.9,10.97,10.97,10.85,11760,12827887.0,1.1,0.27,0.03,1.26
600,2023-03-24,605018SH,10.93,11.0,11.06,10.9,18252,20043040.0,1.46,0.27,0.03,1.95
601,2023-03-27,605018SH,11.03,11.1,11.24,10.85,24777,27310255.0,3.55,0.91,0.1,2.65
602,2023-03-28,605018SH,11.08,10.93,11.18,10.89,16375,17959291.0,2.61,-1.53,-0.17,1.75
603,2023-03-29,605018SH,10.97,10.92,11.06,10.89,13055,14315285.0,1.56,-0.09,-0.01,1.4
604,2023-03-30,605018SH,10.92,10.83,10.92,10.68,18262,19699004.0,2.2,-0.82,-0.09,1.95
605,2023-03-31,605018SH,10.85,10.9,10.95,10.73,10982,11968365.0,2.03,0.65,0.07,1.17
606,2023-04-03,605018SH,10.85,11.08,11.15,10.85,20394,22418587.0,2.75,1.65,0.18,2.18
607,2023-04-04,605018SH,11.05,10.9,11.14,10.85,13960,15278062.0,2.62,-1.62,-0.18,1.49
608,2023-04-06,605018SH,10.9,10.79,10.98,10.76,12557,13580584.0,2.02,-1.01,-0.11,1.34
609,2023-04-07,605018SH,10.76,10.79,10.86,10.75,9793,10591320.0,1.02,0.0,0.0,1.05
610,2023-04-10,605018SH,10.72,10.55,10.81,10.55,15701,16737341.0,2.41,-2.22,-0.24,1.68
611,2023-04-11,605018SH,10.56,10.38,10.57,10.35,17415,18103895.0,2.09,-1.61,-0.17,1.86
612,2023-04-12,605018SH,10.38,10.35,10.47,10.25,16808,17360033.0,2.12,-0.29,-0.03,1.8
613,2023-04-13,605018SH,10.36,10.27,10.38,10.18,16206,16653816.0,1.93,-0.77,-0.08,1.73
614,2023-04-14,605018SH,10.28,10.36,10.4,10.25,13610,14057728.0,1.46,0.88,0.09,1.46
615,2023-04-17,605018SH,10.36,10.45,10.55,10.35,12957,13530844.0,1.93,0.87,0.09,1.39
616,2023-04-18,605018SH,10.47,10.42,10.5,10.37,10707,11161146.0,1.24,-0.29,-0.03,1.15
617,2023-04-19,605018SH,10.46,10.28,10.46,10.26,11582,11942825.0,1.92,-1.34,-0.14,1.24
618,2023-04-20,605018SH,10.23,10.2,10.28,10.0,22480,22762292.0,2.72,-0.78,-0.08,2.4
619,2023-04-21,605018SH,10.2,10.23,10.66,10.17,32357,33721116.0,4.8,0.29,0.03,3.46
620,2023-04-24,605018SH,10.25,10.19,10.37,9.94,19574,19888180.0,4.2,-0.39,-0.04,2.09
621,2023-04-25,605018SH,10.18,10.03,10.26,9.96,15921,16006637.0,2.94,-1.57,-0.16,1.7
622,2023-04-26,605018SH,9.44,9.81,9.88,9.2,30644,29585743.0,6.78,-2.19,-0.22,3.28
623,2023-04-27,605018SH,9.81,9.75,9.88,9.66,18756,18308073.0,2.24,-0.61,-0.06,2.01
624,2023-04-28,605018SH,9.78,10.15,10.15,9.78,18017,17912525.0,3.79,4.1,0.4,1.93
625,2023-05-04,605018SH,10.06,10.01,10.56,9.97,29193,29860558.0,5.81,-1.38,-0.14,3.12
626,2023-05-05,605018SH,9.97,9.87,10.08,9.73,19598,19243717.0,3.5,-1.4,-0.14,2.1
627,2023-05-08,605018SH,9.86,9.86,10.01,9.84,9464,9357346.0,1.72,-0.1,-0.01,1.01
628,2023-05-09,605018SH,9.85,9.77,9.91,9.73,9522,9321111.0,1.83,-0.91,-0.09,1.02
629,2023-05-10,605018SH,9.73,10.08,10.09,9.73,22745,22709837.0,3.68,3.17,0.31,2.43
630,2023-05-11,605018SH,10.08,10.01,10.09,9.92,11882,11859338.0,1.69,-0.69,-0.07,1.27
631,2023-05-12,605018SH,10.01,10.06,10.08,9.91,12160,12131803.0,1.7,0.5,0.05,1.3
632,2023-05-15,605018SH,10.06,10.15,10.16,10.01,14579,14701125.0,1.49,0.89,0.09,1.56
633,2023-05-16,605018SH,10.15,10.22,10.22,10.02,22923,23224739.0,1.97,0.69,0.07,2.45
634,2023-05-17,605018SH,10.19,10.2,10.51,10.11,20626,21112852.0,3.91,-0.2,-0.02,2.21
635,2023-05-18,605018SH,10.26,10.24,10.26,10.15,7077,7225223.0,1.08,0.39,0.04,0.76
636,2023-05-19,605018SH,10.3,10.33,10.46,10.22,13242,13693332.0,2.34,0.88,0.09,1.42
637,2023-05-22,605018SH,10.19,10.37,10.43,10.19,12433,12866222.0,2.32,0.39,0.04,1.33
638,2023-05-23,605018SH,10.4,10.36,10.52,10.34,11454,11949299.0,1.74,-0.1,-0.01,1.23
639,2023-05-24,605018SH,10.38,10.23,10.42,10.22,12990,13353677.0,1.93,-1.25,-0.13,1.39
640,2023-05-25,605018SH,10.22,10.21,10.27,10.11,10416,10598668.0,1.56,-0.2,-0.02,1.11
641,2023-05-26,605018SH,10.21,10.39,10.42,10.09,16219,16728311.0,3.23,1.76,0.18,1.73
642,2023-05-29,605018SH,10.5,10.15,10.5,10.13,14003,14296139.0,3.56,-2.31,-0.24,1.5
643,2023-05-30,605018SH,10.2,10.17,10.37,10.09,20813,21231507.0,2.76,0.2,0.02,2.23
644,2023-05-31,605018SH,10.21,10.04,10.22,10.03,10781,10892056.0,1.87,-1.28,-0.13,1.15
645,2023-06-01,605018SH,10.03,10.03,10.23,9.92,17272,17349475.0,3.09,-0.1,-0.01,1.85
646,2023-06-02,605018SH,9.95,10.33,10.55,9.95,31156,32013598.0,5.98,2.99,0.3,3.33
647,2023-06-05,605018SH,10.33,10.34,10.44,10.26,20068,20768400.0,1.74,0.1,0.01,2.15
648,2023-06-06,605018SH,10.11,10.03,10.3,10.02,15069,15286678.0,2.71,-3.0,-0.31,1.61
649,2023-06-07,605018SH,10.04,9.89,10.14,9.88,12612,12535728.0,2.59,-1.4,-0.14,1.35
650,2023-06-08,605018SH,9.92,9.85,9.93,9.75,10977,10777046.0,1.82,-0.4,-0.04,1.17
651,2023-06-09,605018SH,9.9,10.04,10.12,9.82,19886,19819735.0,3.05,1.93,0.19,2.13
652,2023-06-12,605018SH,10.04,10.25,10.28,9.93,35144,35705547.0,3.49,2.09,0.21,3.76
653,2023-06-13,605018SH,10.2,10.35,10.42,10.17,37335,38580169.0,2.44,0.98,0.1,3.99
654,2023-06-14,605018SH,10.4,10.25,10.4,10.2,16217,16638524.0,1.93,-0.97,-0.1,1.73
655,2023-06-15,605018SH,10.22,10.26,10.36,10.12,11837,12140249.0,2.34,0.1,0.01,1.27
656,2023-06-16,605018SH,10.26,10.27,10.38,10.26,13971,14407339.0,1.17,0.1,0.01,1.49
657,2023-06-19,605018SH,10.25,10.38,10.44,10.25,18135,18830665.0,1.85,1.07,0.11,1.94
658,2023-06-20,605018SH,10.48,10.35,10.49,10.3,11168,11588755.0,1.83,-0.29,-0.03,1.19
659,2023-06-21,605018SH,10.41,10.36,10.5,10.33,16021,16690574.0,1.64,0.1,0.01,1.71
660,2023-06-26,605018SH,10.3,10.27,10.53,10.26,17846,18517952.0,2.61,-0.87,-0.09,1.91
661,2023-06-27,605018SH,10.27,10.29,10.36,10.19,11397,11733988.0,1.66,0.19,0.02,1.22
662,2023-06-28,605018SH,10.27,10.24,10.34,10.1,20461,20892190.0,2.33,-0.49,-0.05,2.19
663,2023-06-29,605018SH,10.27,10.43,10.45,10.22,26232,27269146.0,2.25,1.86,0.19,2.81
664,2023-06-30,605018SH,10.4,10.57,10.7,10.32,28943,30439041.0,3.64,1.34,0.14,3.1
665,2023-07-03,605018SH,10.57,10.54,10.73,10.5,29734,31584616.0,2.18,-0.28,-0.03,3.18
666,2023-07-04,605018SH,10.56,10.96,11.05,10.56,59106,64187535.0,4.65,3.98,0.42,6.32
667,2023-07-05,605018SH,11.04,10.88,11.04,10.82,25061,27339053.0,2.01,-0.73,-0.08,2.68
668,2023-07-06,605018SH,10.9,10.96,11.0,10.77,21470,23339177.0,2.11,0.74,0.08,2.3
669,2023-07-07,605018SH,10.97,11.11,11.33,10.9,47356,52442087.0,3.92,1.37,0.15,5.07
670,2023-07-10,605018SH,11.1,11.01,11.38,10.98,40901,45487094.0,3.6,-0.9,-0.1,4.38
671,2023-07-11,605018SH,11.08,11.27,11.32,10.91,44219,49324477.0,3.72,2.36,0.26,4.73
672,2023-07-12,605018SH,11.26,11.29,11.41,11.17,31145,35302889.0,2.13,0.18,0.02,3.33
673,2023-07-13,605018SH,11.35,11.09,11.37,11.01,25685,28522120.0,3.19,-1.77,-0.2,2.75
674,2023-07-14,605018SH,11.06,10.98,11.24,10.88,29532,32665040.0,3.25,-0.99,-0.11,3.16
675,2023-07-17,605018SH,10.95,11.01,11.06,10.9,16402,17987223.0,1.46,0.27,0.03,1.75
676,2023-07-18,605018SH,11.07,11.15,11.25,10.9,14399,16000623.0,3.18,1.27,0.14,1.54
677,2023-07-19,605018SH,11.04,11.09,11.14,10.99,11674,12898990.0,1.35,-0.54,-0.06,1.25
678,2023-07-20,605018SH,11.09,10.91,11.18,10.9,15447,16969110.0,2.52,-1.62,-0.18,1.65
679,2023-07-21,605018SH,10.91,10.87,11.04,10.83,13316,14526111.0,1.92,-0.37,-0.04,1.42
680,2023-07-24,605018SH,10.79,10.82,10.95,10.71,12049,13048295.0,2.21,-0.46,-0.05,1.29
681,2023-07-25,605018SH,11.0,11.09,11.14,10.88,17715,19556556.0,2.4,2.5,0.27,1.89
682,2023-07-26,605018SH,11.09,10.97,11.13,10.94,12505,13771975.0,1.71,-1.08,-0.12,1.34
683,2023-07-27,605018SH,11.02,11.0,11.18,10.9,19490,21507516.0,2.55,0.27,0.03,2.08
684,2023-07-28,605018SH,10.95,11.14,11.22,10.84,29055,32087777.0,3.45,1.27,0.14,3.11
685,2023-07-31,605018SH,11.08,11.17,11.25,11.01,18483,20642048.0,2.15,0.27,0.03,1.98
686,2023-08-01,605018SH,11.14,11.16,11.23,11.03,21598,23995308.0,1.79,-0.09,-0.01,2.31
687,2023-08-02,605018SH,11.11,11.2,11.24,11.06,12995,14539841.0,1.61,0.36,0.04,1.39
688,2023-08-03,605018SH,11.16,11.05,11.17,11.01,13467,14900831.0,1.43,-1.34,-0.15,1.44
689,2023-08-04,605018SH,11.09,11.08,11.09,10.93,18961,20912103.0,1.45,0.27,0.03,2.03
690,2023-08-07,605018SH,11.08,10.88,11.09,10.81,14984,16390271.0,2.53,-1.81,-0.2,1.6
691,2023-08-08,605018SH,10.82,10.95,11.02,10.8,15789,17232508.0,2.02,0.64,0.07,1.69
692,2023-08-09,605018SH,10.86,10.75,10.98,10.74,17274,18712514.0,2.19,-1.83,-0.2,1.85
693,2023-08-10,605018SH,10.75,10.64,10.79,10.61,9274,9908312.0,1.67,-1.02,-0.11,0.99
694,2023-08-11,605018SH,10.63,10.49,10.72,10.49,10170,10777687.0,2.16,-1.41,-0.15,1.09
695,2023-08-14,605018SH,10.53,10.6,10.64,10.32,17392,18253874.0,3.05,1.05,0.11,1.86
696,2023-08-15,605018SH,10.56,10.55,10.7,10.5,7554,7993475.0,1.89,-0.47,-0.05,0.81
697,2023-08-16,605018SH,10.54,10.24,10.57,10.16,12914,13339639.0,3.89,-2.94,-0.31,1.38
